{
   "Metas":
   [
      { "StartDate": "2019-05-20", "Name": "PostBlueMonday" }, 
      { "StartDate": "2019-06-14", "Name": "PostModernHorizons"},
      { "StartDate": "2019-07-02", "Name": "PostPauperSanctioning"},
      { "StartDate": "2019-09-26", "Name": "PostEldraine" },
      { "StartDate": "2020-10-21", "Name": "PostAstrolabeBan"}, 
      { "StartDate": "2020-01-17", "Name": "PostTherosBeyondDeath" },
      { "StartDate": "2020-04-17", "Name": "PostIkoria" },
      { "StartDate": "2020-06-25", "Name": "PostM21" },
      { "StartDate": "2020-07-13", "Name": "PostSanctuaryBan"}, 
      { "StartDate": "2020-09-16", "Name": "PostZendikarRising" },
      { "StartDate": "2020-11-20", "Name": "PostCommanderLegends"}, 
      { "StartDate": "2021-01-14", "Name": "PostFallFromFlavor"}, 
      { "StartDate": "2021-01-28", "Name": "PostKaldheim" },
      { "StartDate": "2021-04-14", "Name": "PostStrixhaven" },
      { "StartDate": "2021-06-03", "Name": "PostModernHorizons2" },
      { "StartDate": "2021-07-08", "Name": "PostForgottenRealms" },
      { "StartDate": "2021-09-08", "Name": "PostChatterStorm"},
      { "StartDate": "2021-09-16", "Name": "PostMidnightHunt" },
      { "StartDate": "2021-11-11", "Name": "PostCrimsomVow" },
      { "StartDate": "2022-01-21", "Name": "PostAtogBan"},
      { "StartDate": "2022-02-10", "Name": "PostNeonDynasty" },
      { "StartDate": "2022-03-07", "Name": "PostGalvanicBan" },
      { "StartDate": "2022-04-28", "Name": "PostNewCapenna" },
      { "StartDate": "2022-09-01", "Name": "PostDominariaUnited" }
   ]
}