{
    "Name": "Faeries",
    "IncludeColorInName": true,
    "Conditions": [
        {
            "Type": "OneOrMoreInMainboard",
            "Cards": ["Faerie Seer","Faerie Miscreant"]
        },
        {
            "Type": "InMainboard",
            "Cards": ["Spellstutter Sprite"]
        },
        {
            "Type": "OneOrMoreInMainboard",
            "Cards": ["Ninja of the Deep Hours","Moon-Circuit Hacker"]
        },
        {
            "Type": "OneOrMoreInMainboard",
            "Cards": [
                "Counterspell",
                "Brainstorm",
                "Ponder",
                "Preordain"
            ]
        },
        {
            "Type": "DoesNotContain",
            "Cards": ["Basilisk Gate"]
        },
        {
            "Type": "DoesNotContain",
            "Cards": ["Cleansing Wildfire"]
        }
    ]
}