{
    "Name": "Heroic",
    "IncludeColorInName": false,
    "Conditions": [
        {
            "Type": "TwoOrMoreInMainboard",
            "Cards": [
                "Satyr Hoplite",
                "Akroan Crusader",
                "Lagonna-Band Trailblazer",
                "Akroan Skyguard",
                "Tenth District Legionnaire",
                "Healer's Hawk"
            ]
        },
        {
            "Type" : "DoesNotContain",
            "Cards": ["Glistener Elf"]
        }        
    ],
    "Variants": [
        {
            "Name":"White Heroic",
            "IncludeColorInName": false,
            "Conditions": [
                {
                    "Type": "TwoOrMoreInMainboard",
                    "Cards": [
                        "Hyena Umbra",
                        "Sentinel's Eyes",
                        "Ethereal Armor",
                        "Squire's Devotion",
                        "Defiant Strike",
                        "Emerge Unscathed",
                        "Karametra's Blessing",
                        "Sentinel's Eyes",
                        "Cho-Manno's Blessing"
                    ]
                }
            ]
        },
        {
            "Name":"Red Heroic",
            "IncludeColorInName": false,
            "Conditions": [
                {
                    "Type": "TwoOrMoreInMainboard",
                    "Cards": [
                        "Brute Force",
                        "Titan's Strength",
                        "Furor of the Bitten",
                        "Temur Battle Rage"
                    ]
                }
            ]
        }
    ]
}