{
    "Name": "Prowess",
    "IncludeColorInName": false,
    "Conditions": [
        {
            "Type": "TwoOrMoreInMainboard",
            "Cards": [
                "Monastery Swiftspear",
                "Seeker of the Way",
                "Dwarven Forge-Chanter",
                "Goblin Blast-Runner",
                "Burning Prophet",
                "Kiln Fiend",
                "Festival Crasher",
                "Ghitu Amplifier",
                "Nivix Cyclops",
                "Monastery Swiftspear",
                "Kessig Flamebreather"
            ]
        },
        {
            "Type": "OneOrMoreInMainboard",
            "Cards": [
                "Lava Dart",
                "Mutagenic Growth",
                "Reckless Impulse",
                "Bitter Reunion"
            ]
        },
        {
            "Type": "DoesNotContain",
            "Cards": ["Basilisk Gate"]
        },
        {
            "Type" : "DoesNotContain",
            "Cards": ["Tireless Tribe"]
        },
        {
            "Type" : "DoesNotContain",
            "Cards": ["Satyr Hoplite"]
        }   
    ],
    "Variants": [
        {
            "Name":"Kiln Fiend",
            "IncludeColorInName": false,
            "Conditions": [
                {
                    "Type": "TwoOrMoreInMainboard",
                    "Cards": [
                        "Kiln Fiend",
                        "Festival Crasher",
                        "Ghitu Amplifier",
                        "Nivix Cyclops",
                        "Monastery Swiftspear"
                    ]
                }
            ]
        },
        {
            "Name":"Kuldotha Prowess",
            "IncludeColorInName": false,
            "Conditions": [
                {
                    "Type": "OneOrMoreInMainboard",
                    "Cards": [
                        "Implement of Combustion",
                        "Experimental Synthesizer",
                        "Chromatic Star"
                    ]
                },
                {
                    "Type": "InMainboard",
                    "Cards": ["Kuldotha Rebirth"]
                },
                {
                    "Type": "InMainboard",
                    "Cards": ["Great Furnace"]
                },
                {
                    "Type": "DoesNotContain",
                    "Cards": ["Glint Hawk"]
                }
                
            ]
        }
    ]        
}