{
    "Name": "Land Spy",
    "IncludeColorInName": false,
    "Conditions": [
        {
            "Type": "InMainboard",
            "Cards": ["Balustrade Spy"]
        },
        {
            "Type": "InMainboard",
            "Cards": ["Haunting Misery"]
        },        
        {
            "Type": "InMainboard",
            "Cards": ["Land Grant"]
        },
        {
            "Type": "InMainboard",
            "Cards": ["Songs of the Damned"]
        }       
    ]   
}