
{
    "Name": "Tortex",
    "IncludeColorInName": false,
    "Conditions": [
        {
            "Type" : "InMainboard",
            "Cards": ["Tortured Existence"]
        },
        {
            "Type" : "TwoOrMoreInMainboard",
            "Cards": [
                "Spore Frog",
                "Golgari Brownscale",
                "Crypt Rats",
                "Commune with the Gods",
                "Cauldron Familiar",
                "Fleshbag Marauder"
            ]
        },
        {
            "Type": "DoesNotContain",
            "Cards": ["Basilisk Gate"]
        }
    ]
}

