{
    "Name": "White Agro",
    "IncludeColorInName": false,
    "Conditions": [
        
        {
            "Type": "OneOrMoreInMainboard",
            "Cards": [
                "Militia Bugler",
                "Deftblade Elite",
                "Squadron Hawk",
                "Search Party Captain",
                "Lunarch Veteran",
                "Sacred Cat"
            ]
        },
        {
            "Type": "OneOrMoreInMainboard",
            "Cards": [
                "Guardians' Pledge",
                "Rally the Peasants",
                "Ramosian Rally",
                "Steadfast Unicorn",
                "Battle Screech",
                "Prismatic Strands"
            ]
        },
        {
            "Type": "DoesNotContain",
            "Cards": ["Basilisk Gate"]
        },
        {
            "Type": "DoesNotContain",
            "Cards": ["Tireless Tribe"]
        },
        {
            "Type": "DoesNotContain",
            "Cards": ["Cleansing Wildfire"]
        }
    ],
    "Variants": [
        {
            "Name":"Boros Bully",
            "IncludeColorInName": false,
            "Conditions": [
                {
                    "Type": "TwoOrMoreInMainboard",
                    "Cards": [
                        "Seeker of the Way",
                        "Thraben Inspector",
                        "Faithless Looting"
                    ]
                }
            ]
        }
    ]
}