{
    "Name": "Wildfire",
    "IncludeColorInName": false,
    "Conditions": [
        {
            "Type": "InMainboard",
            "Cards": ["Cleansing Wildfire"]
        },
        {
            "Type": "TwoOrMoreInMainboard",
            "Cards": [
                "Drossforge Bridge",
                "Mistvault Bridge",
                "Razortide Bridge",
                "Rustvale Bridge",
                "Silverbluff Bridge",
                "Slagwoods Bridge",
                "Tanglepool Bridge",
                "Thornglint Bridge"
            ]
        }             
    ]
}