{
  "Name": "DomainZoo",
  "IncludeColorInName": false,
  "Conditions": [
    {
      "Type": "OneOrMoreInMainboard",
      "Cards": ["Tribal Flames","Scion of Draco"]
    },
    {
      "Type": "OneOrMoreInMainboard",
      "Cards": ["Wild Nacatl","Territorial Kavu"]
    },
    {
      "Type": "OneOrMoreInMainboard",
      "Cards": ["Lightning Bolt","Lightning Helix"]
    },
    {
      "Type": "DoesNotContain",
      "Cards": ["Death's Shadow"]
    },
    {
      "Type": "DoesNotContain",
      "Cards": ["Seismic Assault"]
    },
    {
      "Type": "DoesNotContain",
      "Cards": ["Crashing Footfalls"]
    }
  ]
}