{
  "Name": "FreeSpells",
  "IncludeColorInName": false,
  "Conditions": [
    {
      "Type": "InMainboard",
      "Cards": ["Electrodominance"]
    },
    {
      "Type": "InMainboard",
      "Cards": ["As Foretold"]
    },
    {
      "Type": "OneOrMoreInMainboard",
      "Cards": ["Crashing Footfalls","Restore Balance","Living End"]
    }
  ],
  "Variants": [
    {
      "Name": "ElectroBalance",
      "IncludeColorInName": false,
      "Conditions": [
        {
          "Type": "InMainboard",
          "Cards": ["Ancestral Vision"]
        },
        {
          "Type": "InMainboard",
          "Cards": ["Restore Balance"]
        }
      ]
    },
    {
      "Name": "ElectroEnd",
      "IncludeColorInName": false,
      "Conditions": [
        {
          "Type": "InMainboard",
          "Cards": ["Living End"]
        },
        {
          "Type": "TwoOrMoreInMainboard",
          "Cards": ["Striped Riverwinder","Street Wraith","Desert Cerodon","Waker of Waves"]
        }
      ]
    }
  ]
}