{
  "Name": "GiftsStorm",
  "IncludeColorInName": false,
  "Conditions": [
    {
      "Type": "TwoOrMoreInMainboard",
      "Cards": ["Baral, Chief of Compliance","Goblin Electromancer","Rowan, Scholar of Sparks"]
    },
    {
      "Type": "InMainboard",
      "Cards": ["Grapeshot"]
    },
    {
      "Type": "InMainboard",
      "Cards": ["Past in Flames"]
    },
    {
      "Type": "InMainboard",
      "Cards": ["Manamorphose"]
    },
    {
      "Type": "InMainboard",
      "Cards": ["Gifts Ungiven"]
    },
    {
      "Type": "InMainboard",
      "Cards": ["Desperate Ritual"]
    },
    {
      "Type": "InMainboard",
      "Cards": ["Pyretic Ritual"]
    }
  ]
}