{
  "Name": "Eldrazi",
  "IncludeColorInName": true,
  "Conditions": [
    {
      "Type": "InMainboard",
      "Cards": ["Eldrazi Temple"]
    },
    {
      "Type": "OneOrMoreInMainboard",
      "Cards": ["Noble Hierarch","Ancient Stirrings"]
    },
    {
      "Type": "InMainboard",
      "Cards": ["Thought-Knot Seer"]
    },
    {
      "Type": "InMainboard",
      "Cards": ["Reality Smasher"]
    },
    {
      "Type": "OneOrMoreInMainboard",
      "Cards": ["Karplusan Forest","Brushland","Llanowar Wastes","Yavimaya Coast","Grove of the Burnwillows","Cavern of Souls","Hashep Oasis"]
    },
    {
      "Type": "DoesNotContain",
      "Cards": ["Leonin Arbiter"]
    },
    {
      "Type": "DoesNotContain",
      "Cards": ["Urza's Tower"]
    }
  ]
}