{
  "Name": "GriefBlade",
  "IncludeColorInName": false,
  "Conditions": [
    {
      "Type": "InMainboard",
      "Cards": ["Grief"]
    },
    {
      "Type": "InMainboard",
      "Cards": ["Solitude"]
    },
    {
      "Type": "InMainboard",
      "Cards": ["Ephemerate"]
    },
    {
      "Type": "InMainboard",
      "Cards": ["Stoneforge Mystic"]
    },
    {
      "Type": "DoesNotContain",
      "Cards": ["Priest of Fell Rites"]
    },
    {
      "Type": "DoesNotContain",
      "Cards": ["Unburial Rites"]
    }
  ]
}