{
  "Name": "HollowOne",
  "IncludeColorInName": false,
  "Conditions": [
    {
      "Type": "InMainboard",
      "Cards": ["Hollow One"]
    },
    {
      "Type": "InMainboard",
      "Cards": ["Burning Inquiry"]
    },
    {
      "Type": "OneOrMoreInMainboard",
      "Cards": ["Goblin Lore","Cathartic Reunion"]
    },
    {
      "Type": "DoesNotContain",
      "Cards": ["Murktide Regent"]
    }
  ],
  "Variants": [
    {
      "Name": "Hollowvine",
      "IncludeColorInName": false,
      "Conditions": [
        {
          "Type": "InMainboard",
          "Cards": ["Vengevine"]
        }
      ]
    }
  ]
}