{
  "Name": "Humans",
  "IncludeColorInName": true,
  "Conditions": [
    {
      "Type": "InMainboard",
      "Cards": ["Champion of the Parish"]
    },
    {
      "Type": "InMainboard",
      "Cards": ["Thalia's Lieutenant"]
    },
    {
      "Type": "OneOrMoreInMainboard",
      "Cards": ["Thalia, Guardian of Thraben","Kitesail Freebooter","Esper Sentinel"]
    },
    {
      "Type": "OneOrMoreInMainboard",
      "Cards": ["Mantis Rider","Meddling Mage","Intrepid Adversary","Unsettled Mariner","Extraction Specialist"]
    }
  ]
}