{
  "Name": "KinnanLegends",
  "IncludeColorInName": false,
  "Conditions": [
    {
      "Type": "TwoOrMoreInMainboard",
      "Cards": ["Karn, the Great Creator","Emry, Lurker of the Loch","Urza, Lord High Artificer","Uro, Titan of Nature's Wrath","Omnath, Locus of Creation"]
    },
    {
      "Type": "InMainboard",
      "Cards": ["Mox Amber"]
    },
    {
      "Type": "InMainboard",
      "Cards": ["Kinnan, Bonder Prodigy"]
    },
    {
      "Type": "DoesNotContain",
      "Cards": ["Grinding Station"]
    }
  ]
}