{
  "Name": "OmnathControl",
  "IncludeColorInName": false,
  "Conditions": [
    {
      "Type": "InMainboard",
      "Cards": ["Wrenn and Six"]
    },
    {
      "Type": "InMainboard",
      "Cards": ["Omnath, Locus of Creation"]
    },
    {
      "Type": "InMainboard",
      "Cards": ["Expressive Iteration"]
    },
    {
      "Type": "DoesNotContain",
      "Cards": ["Niv-Mizzet Reborn"]
    },
    {
      "Type": "DoesNotContain",
      "Cards": ["Saheeli Rai"]
    },
    {
      "Type": "DoesNotContain",
      "Cards": ["Scapeshift"]
    },
    {
      "Type": "DoesNotContain",
      "Cards": ["Risen Reef"]
    },
    {
      "Type": "DoesNotContain",
      "Cards": ["Kiki-Jiki, Mirror Breaker"]
    },
    {
      "Type": "DoesNotContain",
      "Cards": ["Seismic Assault"]
    },
    {
      "Type": "DoesNotContain",
      "Cards": ["Manamorphose"]
    }
  ]
}