{
  "Name": "Reanimator",
  "IncludeColorInName": false,
  "Conditions": [
    {
      "Type": "OneOrMoreInMainboard",
      "Cards": ["Unburial Rites","Priest of Fell Rites","Persist"]
    },
    {
      "Type": "OneOrMoreInMainboard",
      "Cards": ["Unmarked Grave","Faithful Mending","Seasoned Pyromancer","Ledger Shredder","Tainted Indulgence","Thrilling Discovery","Cathartic Reunion"]
    },
    {
      "Type": "InMainboard",
      "Cards": ["Archon of Cruelty"]
    },
    {
      "Type": "DoesNotContainMainboard",
      "Cards": ["Indomitable Creativity"]
    }
  ]
}