{
  "Name": "GenericSaga",
  "IncludeColorInName": true,
  "Conditions": [
    {
      "Type": "OneOrMoreInMainboard",
      "Cards": ["Dragon's Rage Channeler","Ragavan, Nimble Pilferer"]
    },
    {
      "Type": "InMainboard",
      "Cards": ["Urza's Saga"]
    },
    {
      "Type": "DoesNotContain",
      "Cards": ["Asmoranomardicadaistinaculdacar"]
    },
    {
      "Type": "DoesNotContain",
      "Cards": ["Goryo's Vengeance"]
    },
    {
      "Type": "DoesNotContain",
      "Cards": ["Grinding Station"]
    },
    {
      "Type": "DoesNotContain",
      "Cards": ["Counterspell"]
    },
    {
      "Type": "DoesNotContain",
      "Cards": ["Colossus Hammer"]
    },
    {
      "Type": "DoesNotContain",
      "Cards": ["Aether Vial"]
    },
    {
      "Type": "DoesNotContain",
      "Cards": ["Jeskai Ascendancy"]
    },
    {
      "Type": "DoesNotContain",
      "Cards": ["Dryad of the Ilysian Grove"]
    },
	{
      "Type": "DoesNotContain",
      "Cards": ["Oswald Fiddlebender"]
    },
	{
      "Type": "DoesNotContain",
      "Cards": ["Thoughtcast"]
    },
	{
      "Type": "DoesNotContain",
      "Cards": ["Trail of Crumbs"]
    },
	{
      "Type": "DoesNotContain",
      "Cards": ["Sword of the Meek"]
    },
	{
      "Type": "DoesNotContain",
      "Cards": ["Felidar Guardian"]
    }
  ]
}