{
  "Name": "Shadow",
  "IncludeColorInName": true,
  "Conditions": [
    {
      "Type": "InMainboard",
      "Cards": ["Death's Shadow"]
    },
    {
      "Type": "OneOrMoreInMainboard",
      "Cards": ["Thoughtseize","Street Wraith"]
    },
    {
      "Type": "DoesNotContain",
      "Cards": ["Soaring Thought-Thief"]
    },
    {
      "Type": "DoesNotContain",
      "Cards": ["Urza's Saga"]
    }
  ],
  "Variants": [
    {
      "Name": "ShadowProwess",
      "IncludeColorInName": false,
      "Conditions": [
        {
          "Type": "InMainboard",
          "Cards": ["Scourge of the Skyclaves"]
        },
        {
          "Type": "OneOrMoreInMainboard",
          "Cards": ["Soul-Scar Mage","Monastery Swiftspear"]
        }
      ]
    }
  ]
}