{
  "Name": "Smallpox",
  "IncludeColorInName": false,
  "Conditions": [
    {
      "Type": "InMainboard",
      "Cards": ["Smallpox"]
    },
    {
      "Type": "TwoOrMoreInMainboard",
      "Cards": ["Inquisition of Kozilek","Thoughtseize","Raven's Crime"]
    },
    {
      "Type": "DoesNotContain",
      "Cards": ["Shrieking Affliction"]
    },
    {
      "Type": "DoesNotContain",
      "Cards": ["Priest of Fell Rites"]
    },
    {
      "Type": "DoesNotContain",
      "Cards": ["Boom // Bust"]
    },
    {
      "Type": "DoesNotContain",
      "Cards": ["Funeral Charm"]
    },
    {
      "Type": "DoesNotContain",
      "Cards": ["Wrench Mind"]
    },
    {
      "Type": "DoesNotContain",
      "Cards": ["Persist"]
    }
  ]
}