{
  "Name": "Stoneblade",
  "IncludeColorInName": false,
  "Conditions": [
    {
      "Type": "InMainboard",
      "Cards": ["Stoneforge Mystic"]
    },
    {
      "Type": "OneOrMoreInMainboard",
      "Cards": ["Force of Negation", "Cryptic Command", "Mana Leak", "Counterspell"]
    },
    {
      "Type": "DoesNotContain",
      "Cards": ["Saheeli Rai"]
    },
    {
      "Type": "DoesNotContain",
      "Cards": ["Death's Shadow"]
    },
    {
      "Type": "DoesNotContain",
      "Cards": ["Urza, Lord High Artificer"]
    },
    {
      "Type": "DoesNotContain",
      "Cards": ["Ephemerate"]
    },
    {
      "Type": "DoesNotContain",
      "Cards": ["Delver of Secrets"]
    },
    {
      "Type": "DoesNotContain",
      "Cards": ["Terminus"]
    },
    {
      "Type": "DoesNotContain",
      "Cards": ["Wrenn and Six"]
    }
  ]
}