{
  "Name": "Superfriends",
  "IncludeColorInName": false,
  "Conditions": [
    {
      "Type": "InMainboard",
      "Cards": ["Oath of Nissa"]
    },
    {
      "Type": "OneOrMoreInMainboard",
      "Cards": ["Utopia Sprawl","Birds of Paradise"]
    },
    {
      "Type": "InMainboard",
      "Cards": ["Karn, the Great Creator"]
    },
    {
      "Type": "TwoOrMoreInMainboard",
      "Cards": ["Teferi, Time Raveler","Dovin, Hand of Control","Liliana of the Veil","Grist, the Hunger Tide","Tamiyo, Field Researcher"]
    }
  ]
}