{
  "Name": "ThopterCombo",
  "IncludeColorInName": false,
  "Conditions": [
    {
      "Type": "OneOrMoreInMainboard",
      "Cards": ["Whir of Invention","Emry, Lurker of the Loch","Urza, Lord High Artificer"]
    },
    {
      "Type": "InMainboard",
      "Cards": ["Sword of the Meek"]
    },
    {
      "Type": "InMainboard",
      "Cards": ["Thopter Foundry"]
    },
    {
      "Type": "DoesNotContain",
      "Cards": ["Uro, Titan of Nature's Wrath"]
    },
    {
      "Type": "DoesNotContain",
      "Cards": ["Grinding Station"]
    },
	{
	  "Type": "DoesNotContain",
	  "Cards": ["Lantern of Insight"]
	},
	{
	  "Type": "DoesNotContain",
	  "Cards": ["Asmoranomardicadaistinaculdacar"]
	},
	{
	  "Type": "DoesNotContain",
	  "Cards": ["Tameshi, Reality Architect"]
	}
  ],
  "Variants": [
    {
      "Name": "ThopterUrza",
      "IncludeColorInName": false,
      "Conditions": [
        {
          "Type": "InMainboard",
          "Cards": ["Urza, Lord High Artificer"]
        }
      ]
    }
  ]
}