{
  "Name": "ValakutField",
  "IncludeColorInName": false,
  "Conditions": [
    {
      "Type": "InMainboard",
      "Cards": ["Dryad of the Ilysian Grove"]
    },
    {
      "Type": "InMainboard",
      "Cards": ["Field of the Dead"]
    },
    {
      "Type": "InMainboard",
      "Cards": ["Valakut, the Molten Pinnacle"]
    },
    {
      "Type": "OneOrMoreInMainboard",
      "Cards": ["Splendid Reclamation","Life from the Loam","Dread Presence"]
    },
    {
      "Type": "DoesNotContain",
      "Cards": ["Primeval Titan"]
    }
  ]
}