{
    "Name": "Black Midrange",
    "IncludeColorInName": false,
    "Conditions": [
        {
            "Type" : "OneOrMoreInMainboard",
            "Cards": ["Dusk Legion Zealot","Phyrexian Rager","Night's Whisper","Sign in Blood","Spare Supplies"]
        },     
        {
            "Type" : "OneOrMoreInMainboard",
            "Cards": ["Snuff Out","Cast Down","Doom Blade"]
        },   
        {
            "Type" : "OneOrMoreInMainboard",
            "Cards": ["Gurmag Angler","Thorn of the Black Rose"]
        },   
        {
            "Type" : "DoesNotContain",
            "Cards": ["Annoyed Altisaur"]
        },
        {
            "Type" : "DoesNotContain",
            "Cards": ["Ephemerate"]
        },
        {
            "Type" : "DoesNotContain",
            "Cards": ["Myr Enforcer"]
        },
        {
            "Type" : "DoesNotContain",
            "Cards": ["Basilisk Gate"]
        },
        {
            "Type" : "DoesNotContain",
            "Cards": ["Urza's Power Plant"]
        }
    ],
    "Variants": [
        {
            "Name": "Devotion To Black",
            "IncludeColorInName": false,
            "Conditions": [
                {
                    "Type" : "InMainboard",
                    "Cards": ["Gray Merchant of Asphodel"]
                },
                {
                    "Type" : "InMainboard",
                    "Cards": ["Chittering Rats"]
                },
                {
                    "Type" : "InMainboard",
                    "Cards": ["Cuombajj Witches"]
                }
            ]
        },
        {
            "Name": "Orzhov Pestilence",
            "IncludeColorInName": false,
            "Conditions": [              
                {
                    "Type" : "OneOrMoreInMainboard",
                    "Cards": ["Guardian of the Guildpact","Dawnbringer Cleric","Inspiring Overseer"]
                },
                {
                    "Type" : "InMainboard",
                    "Cards": ["Pestilence"]
                },
                {
                    "Type" : "InMainboard",
                    "Cards": ["Orzhov Basilica"]
                }
            ]
        },
        {
            "Name": "Ponza",
            "IncludeColorInName": false,
            "Conditions": [
                {
                    "Type" : "InMainboard",
                    "Cards": ["Rancid Earth"]
                },
                {
                    "Type" : "InMainboard",
                    "Cards": ["Icequake"]
                },
                {
                    "Type" : "InMainboard",
                    "Cards": ["Choking Sands"]
                },
                {
                    "Type" : "InMainboard",
                    "Cards": ["Dark Ritual"]
                }
            ]
        }
    ]
}