{
    "Name": "Bogles",
    "IncludeColorInName": false,
    "Conditions": [
        {
            "Type" : "OneOrMoreInMainboard",
            "Cards": ["Slippery Bogle","Gladecover Scout"]
        },
        {
            "Type" : "OneOrMoreInMainboard",
            "Cards": ["Ethereal Armor","Ancestral Mask"]
        },
        {
            "Type" : "OneOrMoreInMainboard",
            "Cards": ["Rancor","Armadillo Cloak"]
        },
        {
            "Type" : "DoesNotContain",
            "Cards": ["Tree of Tales"]
        }
    ]
}