{
    "Name": "Kiln Fiend",
    "IncludeColorInName": false,
    "Conditions": [
        {
            "Type" : "InMainboard",
            "Cards": ["Kiln Fiend","Festival Crasher"]
        },
        {
            "Type" : "DoesNotContain",
            "Cards": ["Basilisk Gate"]
        },
        {
            "Type" : "DoesNotContain",
            "Cards": ["Rally the Peasant"]
        }
    ],
    "Variant": [
        {
            "Name": "Hot Dogs",
            "IncludeColorInName": false,
            "Conditions": [
                {
                    "Type" : "InMainboard",
                    "Cards": ["Mutagenic Growth"]
                }  
            ]
        },
        {
            "Name": "Turbo Blitz",
            "IncludeColorInName": false,
            "Conditions": [
                {
                    "Type" : "InMainboard",
                    "Cards": ["Simian Spirit Guide","Lotus Petal"]
                }  
            ]
        }      
    ]    
}
