{
    "Name": "Storm",
    "IncludeColorInName": false,
    "Conditions": [
        {
            "Type" : "InMainboard",
            "Cards": ["Lotus Petal"]
        },
        {
            "Type" : "OneorMoreInMainboard",
            "Cards": ["Dark Ritual","Cabal Ritual"]
        },
        {
            "Type" : "DoesNotContain",
            "Cards": ["Ghostly Flicker"]
        },
        {
            "Type" : "DoesNotContain",
            "Cards": ["Ephemerate"]
        }
    ],
    "Variants": [
        {
            "Name": "Cycle Storm",
            "IncludeColorInName": false,
            "Conditions": [
                {
                    "Type" : "InMainboard",
                    "Cards": ["Songs of the Damned"]
                },
                {
                    "Type" : "InMainboard",
                    "Cards": ["Horror of the Broken Lands"]
                },
                {
                    "Type" : "InMainboard",
                    "Cards": ["Imposing Vantasaur"]
                }

            ]
        },
        {
            "Name": "Chatter Storm",
            "IncludeColorInName": false,
            "Conditions": [
                {
                    "Type" : "InMainboard",
                    "Cards": ["Chatterstorm"]
                }

            ]
        }
    ]
}