{
    "Name": "Tron",
    "IncludeColorInName": false,
    "Conditions": [
        {
            "Type" : "InMainboard",
            "Cards": ["Urza's Power Plant"]
        },
        {
            "Type" : "InMainboard",
            "Cards": ["Urza's Tower"]
        },
        {
            "Type" : "InMainboard",
            "Cards": ["Urza's Mine"]
        }
    ],
    "Variants": [
        {
            "Name": "Mono G Tron",
            "IncludeColorInName": false,
            "Conditions": [
                {
                    "Type" : "OneOrMoreInMainboard",
                    "Cards": ["Fangren Marauder"]
                },
                {
                    "Type" : "DoesNotContain",
                    "Cards": ["Golem Foundry"]
                }
            ]
        },
        {
            "Name": "Altar Tron",
            "IncludeColorInName": false,
            "Conditions": [
                {
                    "Type" : "OneOrMoreInMainboard",
                    "Cards": ["Fangren Marauder","Golem Foundry"]
                },
                {
                    "Type" : "OneOrMoreInMainboard",
                    "Cards": ["Myr Retriever"]
                },
                {
                    "Type" : "OneOrMoreInMainboard",
                    "Cards": ["Ashnod's Altar"]
                }
            ]
        },
        {
            "Name": "Azorius Tron",
            "IncludeColorInName": false,
            "Conditions": [
                {
                    "Type" : "InMainboard",
                    "Cards": ["Azorius Signet"]
                }
            ]
        }
    ]
}