{
    "Name": "Mono U Tempo",
    "IncludeColorInName": false,
    "Conditions": [
        {
            "Type": "InMainboard",
            "Cards": ["Counterspell"]
        },
        {
            "Type": "OneOrMoreInMainboard",
            "Cards": ["Brainstorm","Preordain","Ponder","Snap","Force Spike"]
        },
        {
            "Type": "DoesNotContain",
            "Cards": ["Ephemerate"]
        },
        {
            "Type": "DoesNotContain",
            "Cards": ["Seat of the Synod"]
        },
        {
            "Type" : "DoesNotContain",
            "Cards": ["Ghostly Flicker"]
        },
        {
            "Type": "DoesNotContain",
            "Cards": ["Snuff Out"]
        },
        {
            "Type": "DoesNotContain",
            "Cards": ["Skred"]
        },
        {
            "Type": "DoesNotContain",
            "Cards": ["Lightning Bolt"]
        },
        {
            "Type": "DoesNotContain",
            "Cards": ["Basilisk Gate"]
        },
        {
            "Type" : "DoesNotContain",
            "Cards": ["Moment's Peace"]
        }
    ],
    "Variants": [
        {
            "Name": "Mono U Faeries",
            "IncludeColorInName": false,
            "Conditions": [
                {
                    "Type" : "InMainboard",
                    "Cards": ["Faerie Seer","Faerie Miscreant"]
                },
                {
                    "Type" : "InMainboard",
                    "Cards": ["Spellstutter Sprite"]
                }
            ]
        },
        {
            "Name": "Mono U Delver",
            "IncludeColorInName": false,
            "Conditions": [
                {
                    "Type" : "InMainboard",
                    "Cards": ["Delver of Secrets"]
                },
                {
                    "Type" : "DoesNotContain",
                    "Cards": ["Spellstutter Sprite"]
                },
                {
                    "Type" : "DoesNotContain",
                    "Cards": ["Tolarian Terror"]
                }
            ]
        },
        {
            "Name": "Mono U Terror",
            "IncludeColorInName": false,
            "Conditions": [
                {
                    "Type" : "InMainboard",
                    "Cards": ["Tolarian Terror"]
                },
                {
                    "Type" : "InMainboard",
                    "Cards": ["Thought Scour","Consider","Mental Note"]
                }
            ]
        }
    ]
}