{
    "Name": "White Agro",
    "IncludeColorInName": false,
    "Conditions": [
        {
            "Type": "InMainboard",
            "Cards": ["Plains"]
        },
        {
            "Type" : "OneOrMoreInMainboard",
            "Cards": ["Rally the Peasants","Guardians' Pledge"]
        },
        {
            "Type" : "DoesNotContain",
            "Cards": ["Basilisk Gate"]
        },
        {
            "Type" : "DoesNotContain",
            "Cards": ["Ancient Den"]
        },
        {
            "Type" : "DoesNotContain",
            "Cards": ["Kiln Fiend"]
        }
    ],
    "Variants": [
        {
            "Name": "Bully",
            "IncludeColorInName": false,
            "Conditions": [
                {
                    "Type" : "InMainboard",
                    "Cards": ["Battle Screech"]
                },
                {
                    "Type" : "InMainboard",
                    "Cards": ["Prismatic Strands"]
                }
            ]
        },
        {
            "Name": "Mono White Heroic",
            "IncludeColorInName": false,
            "Conditions": [
                {
                    "Type" : "InMainboard",
                    "Cards": ["Emerge Unscathed","Gods Willing"]
                },
                {
                    "Type" : "OneOrMoreInMainboard",
                    "Cards": ["Lagonna-Band Trailblazer","Akroan Skyguard","Healer's Hawk"]
                }
            ]
        }
    ]
}