{
    "Name": "Artifact Aggro",
    "IncludeColorInName": true,
    "Conditions": [
      {
        "Type": "InMainboard",
        "Cards": ["Stonecoil Serpent"]
      },
      {
        "Type": "InMainboard",
        "Cards": ["Patchwork Automaton"]
      }
    ],
    "Variants": [
      {
        "Name": "Ensoul",
        "IncludeColorInName": true,
        "Conditions": [
          {
            "Type": "InMainboard",
            "Cards": ["Ensoul Artifact"]
          }
        ]
      },
      {
        "Name": "GlittersStompy",
        "IncludeColorInName": true,
        "Conditions": [
          {
            "Type": "InMainboard",
            "Cards": ["Ingenious Smith"]
          },
          {
            "Type": "InMainboard",
            "Cards": ["Michiko's Reign of Truth"]
          }
        ]
      }
    ]
  }