{
  "Name": "Spirits",
  "IncludeColorInName": true,
  "Conditions": [
    {
      "Type": "InMainboard",
      "Cards": ["Mausoleum Wanderer"]
    },
    {
      "Type": "InMainboard",
      "Cards": ["Rattlechains"]
    },
    {
      "Type": "InMainboard",
      "Cards": ["Supreme Phantom"]
    }
  ],
  "Variants": [
    {
      "Name": "Bant Spirits",
      "IncludeColorInName": false,
      "Conditions": [
        {
          "Type": "InMainboard",
          "Cards": ["Collected Company"]
        }
      ]
    }
  ]
}