{
    "Name": "Heroic",
    "IncludeColorInName": true,
    "Conditions": [
        {
            "Type": "InMainboard",
            "Cards": ["Favored Hoplite"]
        },
        {
            "Type": "InMainboard",
            "Cards": ["Tenth District Legionnaire"]
        }
    ],
    "Variants": [
        {
          "Name": "Feather",
          "IncludeColorInName": false,
          "Conditions": [
            {
                "Type": "InMainOrSideboard",
                "Cards": ["Feather, the Redeemed"]
            }
          ]
        }
    ]
}