{
  "Name": "AdNauseam",
  "IncludeColorInName": false,
  "Conditions": [
    {
      "Type": "OneOrMoreInMainboard",
      "Cards": ["Ad Nauseam","Spoils of the Vault"]
    },
    {
      "Type": "InMainboard",
      "Cards": ["Angel's Grace"]
    },
    {
      "Type": "InMainboard",
      "Cards": ["Phyrexian Unlife"]
    },
    {
      "Type": "InMainboard",
      "Cards": ["Pentad Prism"]
    },
    {
      "Type": "DoesNotContain",
      "Cards": ["Inverter of Truth"]
    }
  ]
}