{
  "Name": "Affinity",
  "IncludeColorInName": false,
  "Conditions": [
    {
      "Type": "OneOrMoreInMainboard",
      "Cards": ["Ornithopter","Memnite","Esper Sentinel","Springleaf Drum"]
    },
    {
      "Type": "OneOrMoreInMainboard",
      "Cards": ["Arcbound Ravager","Nettlecyst","Frogmite","Sojourner's Companion","Thought Monitor"]
    },
    {
      "Type": "DoesNotContain",
      "Cards": ["Colossus Hammer"]
    },
    {
      "Type": "DoesNotContain",
      "Cards": ["Hardened Scales"]
    },
    {
      "Type": "DoesNotContain",
      "Cards": ["Sword of the Meek"]
    },
    {
      "Type": "DoesNotContain",
      "Cards": ["Archon of Emeria"]
    },
    {
      "Type": "DoesNotContain",
      "Cards": ["Oswald Fiddlebender"]
    },
	{
      "Type": "DoesNotContain",
      "Cards": ["Asmoranomardicadaistinaculdacar"]
    },
    {
      "Type": "DoesNotContainMainboard",
      "Cards": ["Underworld Breach"]
    }
  ],
  "Variants": [
    {
      "Name": "UrzaAffinity",
      "IncludeColorInName": false,
      "Conditions": [
        {
          "Type": "InMainboard",
          "Cards": ["Urza, Lord High Artificer"]
        }
      ]
    }
   ]
}