{
  "Name": "DevotedCombo",
  "IncludeColorInName": false,
  "Conditions": [
    {
      "Type": "InMainboard",
      "Cards": ["Devoted Druid"]
    },
    {
      "Type": "InMainboard",
      "Cards": ["Vizier of Remedies"]
    },
    {
      "Type": "InMainboard",
      "Cards": ["Walking Ballista"]
    },
    {
      "Type": "DoesNotContain",
      "Cards": ["Kiki-Jiki, Mirror Breaker"]
    },
    {
      "Type": "DoesNotContain",
      "Cards": ["Nykthos, Shrine to Nyx"]
    },
    {
      "Type": "DoesNotContain",
      "Cards": ["Young Wolf"]
    },
    {
      "Type": "DoesNotContain",
      "Cards": ["Primeval Titan"]
    },
    {
      "Type": "DoesNotContain",
      "Cards": ["Ovalchase Daredevil"]
    }
  ]
}