{
  "Name": "Footfalls",
  "IncludeColorInName": true,
  "Conditions": [
    {
      "Type": "InMainboard",
      "Cards": ["Shardless Agent"]
    },
    {
      "Type": "InMainboard",
      "Cards": ["Crashing Footfalls"]
    },
    {
      "Type": "DoesNotContain",
      "Cards": ["Electrodominance"]
    }
  ],
  "Variants": [
    {
      "Name": "DomainFootfalls",
      "IncludeColorInName": false,
      "Conditions": [
        {
          "Type": "InMainboard",
          "Cards": ["Leyline Binding"]
        }
      ]
    }
  ]
}