{
  "Name": "GeneralRokiric",
  "IncludeColorInName": false,
  "Conditions": [
    {
      "Type": "InMainboard",
      "Cards": ["General Ferrous Rokiric"]
    },
    {
      "Type": "InMainboard",
      "Cards": ["Manamorphose"]
    },
    {
      "Type": "DoesNotContain",
      "Cards": ["Niv-Mizzet Reborn"]
    },
    {
      "Type": "DoesNotContain",
      "Cards": ["Tribal Flames"]
    },
    {
      "Type": "DoesNotContain",
      "Cards": ["Felidar Guardian"]
    },
    {
      "Type": "DoesNotContain",
      "Cards": ["Scion of Draco"]
    }
  ]
}