{
  "Name": "GrindingBreach",
  "IncludeColorInName": false,
  "Conditions": [
    {
      "Type": "InMainboard",
      "Cards": ["Grinding Station"]
    },
    {
      "Type": "InMainboard",
      "Cards": ["Underworld Breach"]
    },
    {
      "Type": "OneOrMoreInMainboard",
      "Cards": ["Thassa's Oracle","Paradox Engine","Grapeshot"]
    },
    {
      "Type": "DoesNotContain",
      "Cards": ["Paradoxical Outcome"]
    },
    {
      "Type": "DoesNotContain",
      "Cards": ["Kethis, the Hidden Hand"]
    }
  ]
}