{
  "Name": "HeliodCombo",
  "IncludeColorInName": false,
  "Conditions": [
    {
      "Type": "InMainboard",
      "Cards": ["Heliod, Sun-Crowned"]
    },
    {
      "Type": "InMainboard",
      "Cards": ["Walking Ballista"]
    },
    {
      "Type": "OneOrMoreInMainboard",
      "Cards": ["Spike Feeder","Anafenza, Kin-Tree Spirit","Luminarch Aspirant"]
    },
    {
      "Type": "DoesNotContain",
      "Cards": ["Devoted Druid"]
    },
    {
      "Type": "DoesNotContain",
      "Cards": ["Nykthos, Shrine to Nyx"]
    },
    {
      "Type": "DoesNotContain",
      "Cards": ["Loxodon Hierarch"]
    },
    {
      "Type": "DoesNotContain",
      "Cards": ["Arcbound Ravager"]
    },
    {
      "Type": "DoesNotContain",
      "Cards": ["Scurry Oak"]
    }
  ]
}