{
  "Name": "Lands",
  "IncludeColorInName": true,
  "Conditions": [
    {
      "Type": "InMainboard",
      "Cards": ["Valakut, the Molten Pinnacle"]
    },
	{
      "Type": "InMainboard",
      "Cards": ["Urza's Saga"]
    },
    {
      "Type": "InMainboard",
      "Cards": ["Dryad of the Ilysian Grove"]
    },
    {
      "Type": "TwoOrMoreInMainboard",
      "Cards": ["Elvish Reclaimer","Knight of the Reliquary","Titania, Protector of Argoth"]
    },
    {
      "Type": "DoesNotContain",
      "Cards": ["Scapeshift"]
    },
    {
      "Type": "DoesNotContain",
      "Cards": ["Primeval Titan"]
    }
  ]
}