{
  "Name": "LivingEnd",
  "IncludeColorInName": false,
  "Conditions": [
    {
      "Type": "InMainboard",
      "Cards": ["Living End"]
    },
    {
      "Type": "OneOrMoreInMainboard",
      "Cards": ["Street Wraith","Desert Cerodon"]
    },
    {
      "Type": "DoesNotContain",
      "Cards": ["Electrodominance"]
    }
  ],
  "Variants": [
    {
      "Name": "BlueLivingEnd",
      "IncludeColorInName": false,
      "Conditions": [
        {
          "Type": "InMainboard",
          "Cards": ["Shardless Agent"]
        },
		{
		  "Type": "InMainboard",
		  "Cards": ["Force of Negation"]
		}
      ]
    }
  ]
}