{
  "Name": "NivToLight",
  "IncludeColorInName": false,
  "Conditions": [
    {
      "Type": "InMainboard",
      "Cards": ["Niv-Mizzet Reborn"]
    },
    {
      "Type": "InMainboard",
      "Cards": ["Bring to Light"]
    },
    {
      "Type": "OneOrMoreInMainboard",
      "Cards": ["Lightning Helix","Kaya's Guile","Rip Apart"]
    },
    {
      "Type": "OneOrMoreInMainboard",
      "Cards": ["Assassin's Trophy","Abrupt Decay","Vindicate","Fiery Justice"]
    },
    {
      "Type": "DoesNotContain",
      "Cards": ["Felidar Guardian"]
    }
  ]
}