{
  "Name": "Aggro",
  "IncludeColorInName": true,
  "Conditions": [
    {
      "Type": "TwoOrMoreInMainboard",
      "Cards": ["Goblin Guide","Eidolon of the Great Revel","Monastery Swiftspear","Soul-Scar Mage","Abbot of Keral Keep","Kiln Fiend","Stormwing Entity","Sprite Dragon","Nivmagus Elemental","Clever Lumimancer","Ragavan, Nimble Pilferer","Dragon's Rage Channeler","Ledger Shredder"]
    },
    {
      "Type": "InMainboard",
      "Cards": ["Lightning Bolt"]
    },
    {
      "Type": "DoesNotContain",
      "Cards": ["Kird Ape"]
    },
    {
      "Type": "DoesNotContain",
      "Cards": ["Death's Shadow"]
    },
    {
      "Type": "DoesNotContain",
      "Cards": ["Arclight Phoenix"]
    },
    {
      "Type": "DoesNotContain",
      "Cards": ["Delver of Secrets"]
    },
    {
      "Type": "DoesNotContainMainboard",
      "Cards": ["Dauthi Voidwalker"]
    },
	{
      "Type": "DoesNotContain",
      "Cards": ["Asmoranomardicadaistinaculdacar"]
    },
	{
      "Type": "DoesNotContain",
      "Cards": ["Wrenn and Six"]
    },
	{
	  "Type": "DoesNotContain",
	  "Cards": ["Urza's Saga"]
	},
	{
	  "Type": "DoesNotContain",
	  "Cards": ["Grinding Station"]
	},
	{
	  "Type": "DoesNotContain",
	  "Cards": ["Tribal Flames"]
	},
	{
	  "Type": "DoesNotContain",
	  "Cards": ["Reckless Bushwhacker"]
	},
	{
	  "Type": "DoesNotContain",
	  "Cards": ["Ground Rift"]
	},
	{
	  "Type": "DoesNotContain",
	  "Cards": ["Grapeshot"]
	},
    {
      "Type": "DoesNotContain",
      "Cards": ["Archon of Cruelty"]
    },
    {
      "Type": "DoesNotContain",
      "Cards": ["Scion of Draco"]
    }
  ],
  "Variants": [
    {
      "Name": "Burn",
      "IncludeColorInName": false,
      "Conditions": [
        {
          "Type": "OneOrMoreInMainboard",
          "Cards": ["Goblin Guide","Eidolon of the Great Revel"]
        },
        {
          "Type": "TwoOrMoreInMainboard",
          "Cards": ["Rift Bolt","Skewer the Critics","Lightning Helix","Boros Charm","Skullcrack","Searing Blaze","Atarka's Command"]
        },
        {
          "Type": "DoesNotContain",
          "Cards": ["Bonecrusher Giant"]
        },
        {
          "Type": "DoesNotContain",
          "Cards": ["Obosh, the Preypiercer"]
        }
      ]
    },
    {
      "Name": "Prowess",
      "IncludeColorInName": true,
      "Conditions": [
        {
          "Type": "OneOrMoreInMainboard",
          "Cards": ["Soul-Scar Mage","Abbot of Keral Keep","Kiln Fiend","Stormwing Entity","Nivmagus Elemental"]
        },
        {
          "Type": "DoesNotContainMainboard",
          "Cards": ["Eidolon of the Great Revel"]
        },
        {
          "Type": "DoesNotContain",
          "Cards": ["Obosh, the Preypiercer"]
        },
        {
          "Type": "DoesNotContain",
          "Cards": ["Force of Rage"]
        },
        {
          "Type": "DoesNotContainMainboard",
          "Cards": ["Force of Negation"]
        },
        {
          "Type": "DoesNotContainMainboard",
          "Cards": ["Skullcrack"]
        },
        {
          "Type": "DoesNotContainMainboard",
          "Cards": ["Akoum Hellhound"]
        }
      ]
    },
    {
      "Name": "OboshAggro",
      "IncludeColorInName": false,
      "Conditions": [
        {
          "Type": "OneOrMoreInMainboard",
          "Cards": ["Seasoned Pyromancer","Bomat Courier","Chandra, Dressed to Kill"]
        },
        {
          "Type": "InSideboard",
          "Cards": ["Obosh, the Preypiercer"]
        }
      ]
    },
    {
      "Name": "GenericMonkey",
      "IncludeColorInName": true,
      "Conditions": [
        {
          "Type": "InMainboard",
          "Cards": ["Ragavan, Nimble Pilferer"]
        },
	    {
          "Type": "OneOrMoreInMainboard",
          "Cards": ["Counterspell","Force of Negation","Drown in the Loch"]
        },
        {
          "Type": "DoesNotContain",
          "Cards": ["Murktide Regent"]
        }
      ]
    },
    {
      "Name": "GenericMurktide",
      "IncludeColorInName": true,
      "Conditions": [
        {
          "Type": "InMainboard",
          "Cards": ["Ragavan, Nimble Pilferer"]
        },
	    {
          "Type": "OneOrMoreInMainboard",
          "Cards": ["Counterspell","Force of Negation","Drown in the Loch"]
        },
        {
          "Type": "InMainboard",
          "Cards": ["Murktide Regent"]
        }
      ]
    }
  ]
}