{
  "Name": "SaheeliCombo",
  "IncludeColorInName": false,
  "Conditions": [
    {
      "Type": "InMainboard",
      "Cards": ["Saheeli Rai"]
    },
    {
      "Type": "InMainboard",
      "Cards": ["Felidar Guardian"]
    },
    {
      "Type": "DoesNotContain",
      "Cards": ["Chord of Calling"]
    },
    {
      "Type": "DoesNotContain",
      "Cards": ["Flamekin Harbinger"]
    },
    {
      "Type": "DoesNotContain",
      "Cards": ["Flamekin Harbinger"]
    },
    {
      "Type": "DoesNotContain",
      "Cards": ["Glimpse of Tomorrow"]
    },
    {
      "Type": "DoesNotContain",
      "Cards": ["Planebound Accomplice"]
    },
    {
      "Type": "DoesNotContain",
      "Cards": ["Crashing Footfalls"]
    }
  ],
  "Variants": [
    {
      "Name": "OmnathSaheeli",
      "IncludeColorInName": false,
      "Conditions": [
        {
          "Type": "InMainboard",
          "Cards": ["Omnath, Locus of Creation"]
        }
      ]
    }
  ]
}