{
  "Name": "Scapeshift",
  "IncludeColorInName": false,
  "Conditions": [
    {
      "Type": "InMainOrSideboard",
      "Cards": ["Scapeshift"]
    },
    {
      "Type": "InMainboard",
      "Cards": ["Valakut, the Molten Pinnacle"]
    },
    {
      "Type": "DoesNotContain",
      "Cards": ["Primeval Titan"]
    },
    {
      "Type": "DoesNotContain",
      "Cards": ["Niv-Mizzet Reborn"]
    },
    {
      "Type": "DoesNotContain",
      "Cards": ["Crashing Footfalls"]
    },
    {
      "Type": "DoesNotContain",
      "Cards": ["Indomitable Creativity"]
    }
  ],
  "Variants": [
    {
      "Name": "BlueScapeshift",
      "IncludeColorInName": false,
      "Conditions": [
		{
		  "Type": "InMainboard",
		  "Cards": ["Remand"]
		},
		{
		  "Type": "DoesNotContain",
		  "Cards": ["Bring to Light"]
		},
		{
		  "Type": "DoesNotContain",
		  "Cards": ["Omnath, Locus of Creation"]
		}
      ]
    },
	{
      "Name": "BTLScapeshift",
      "IncludeColorInName": false,
      "Conditions": [
        {
          "Type": "InMainboard",
          "Cards": ["Bring to Light"]
        },
		{
          "Type": "DoesNotContain",
          "Cards": ["Omnath, Locus of Creation"]
        }
      ]
    },
	{
      "Name": "OmnathScapeshift",
      "IncludeColorInName": false,
      "Conditions": [
		{
          "Type": "InMainboard",
          "Cards": ["Omnath, Locus of Creation"]
        }
      ]
    }
  ]
}