{
  "Name": "Titan",
  "IncludeColorInName": true,
  "Conditions": [
    {
      "Type": "InMainboard",
      "Cards": ["Primeval Titan"]
    },
    {
      "Type": "OneOrMoreInMainboard",
      "Cards": ["Summoner's Pact","Hour of Promise","Elvish Reclaimer","Sakura-Tribe Elder","Once Upon a Time","Search for Tomorrow","Dryad of the Ilysian Grove"]
    },
    {
      "Type": "DoesNotContain",
      "Cards": ["Force of Negation"]
    },
    {
      "Type": "DoesNotContain",
      "Cards": ["Gyruda, Doom of Depths"]
    },
    {
      "Type": "DoesNotContain",
      "Cards": ["Indomitable Creativity"]
    },
    {
      "Type": "DoesNotContain",
      "Cards": ["Violent Outburst"]
    },
    {
      "Type": "DoesNotContain",
      "Cards": ["Urza's Tower"]
    },
    {
      "Type": "DoesNotContain",
      "Cards": ["Chord of Calling"]
    }
  ],
  "Variants": [
    {
      "Name": "AmuletTitan",
      "IncludeColorInName": false,
      "Conditions": [
        {
          "Type": "InMainboard",
          "Cards": ["Amulet of Vigor"]
        },
        {
          "Type": "OneOrMoreInMainboard",
          "Cards": ["Simic Growth Chamber","Selesnya Sanctuary"]
        }
      ]
    },
    {
      "Name": "TitanShift",
      "IncludeColorInName": false,
      "Conditions": [
        {
          "Type": "InMainboard",
          "Cards": ["Scapeshift"]
        },
        {
          "Type": "DoesNotContain",
          "Cards": ["Elvish Reclaimer"]
        },
        {
          "Type": "DoesNotContain",
          "Cards": ["Amulet of Vigor"]
        }
      ]
    },
    {
      "Name": "ReclaimerTitan",
      "IncludeColorInName": false,
      "Conditions": [
        {
          "Type": "InMainboard",
          "Cards": ["Elvish Reclaimer"]
        },
        {
          "Type": "OneOrMoreInMainboard",
          "Cards": ["Eladamri's Call","Flagstones of Trokair"]
        },
        {
          "Type": "DoesNotContain",
          "Cards": ["Amulet of Vigor"]
        }
      ]
    },
    {
      "Name": "BreachTitan",
      "IncludeColorInName": false,
      "Conditions": [
        {
          "Type": "InMainboard",
          "Cards": ["Through the Breach"]
        },
        {
          "Type": "DoesNotContain",
          "Cards": ["Amulet of Vigor"]
        },
        {
          "Type": "DoesNotContain",
          "Cards": ["Scapeshift"]
        }
      ]
    }
  ]
}