{
  "Name": "GenericTron",
  "IncludeColorInName": true,
  "Conditions": [
    {
      "Type": "TwoOrMoreInMainboard",
      "Cards": ["Urza's Tower","Urza's Mine","Urza's Power Plant"]
    }
  ],
  "Variants": [
    {
      "Name": "GreenTron",
      "IncludeColorInName": false,
      "Conditions": [
        {
          "Type": "OneOrMoreInMainboard",
          "Cards": ["Forest","Snow-Covered Forest"]
        },
        {
          "Type": "OneOrMoreInMainboard",
          "Cards": ["Ancient Stirrings","Sylvan Scrying"]
        },
        {
          "Type": "DoesNotContain",
          "Cards": ["Oath of Nissa"]
        },
        {
          "Type": "DoesNotContain",
          "Cards": ["Reality Smasher"]
        },
        {
          "Type": "DoesNotContain",
          "Cards": ["Hall of Storm Giants"]
        }
      ]
    },
    {
      "Name": "BlueTron",
      "IncludeColorInName": false,
      "Conditions": [
        {
          "Type": "OneOrMoreInMainboard",
          "Cards": ["Condescend","Remand","Repeal","Divide by Zero","Shark Typhoon"]
        }
      ]
    },
    {
      "Name": "EldraziTron",
      "IncludeColorInName": false,
      "Conditions": [
        {
          "Type": "InMainboard",
          "Cards": ["Eldrazi Temple"]
        },
        {
          "Type": "InMainboard",
          "Cards": ["Thought-Knot Seer"]
        },
        {
          "Type": "OneOrMoreInMainboard",
          "Cards": ["Matter Reshaper","Reality Smasher","Oblivion Sower","Endbringer"]
        },
        {
          "Type": "DoesNotContain",
          "Cards": ["Chromatic Star"]
        }
      ]
    },
    {
      "Name": "DiceFactoryTron",
      "IncludeColorInName": false,
      "Conditions": [
        {
          "Type": "InMainboard",
          "Cards": ["Coretapper"]
        },
        {
          "Type": "InMainboard",
          "Cards": ["Astral Cornucopia"]
        },
        {
          "Type": "InMainboard",
          "Cards": ["Everflowing Chalice"]
        }
      ]
    },
    {
      "Name": "OathTron",
      "IncludeColorInName": false,
      "Conditions": [
        {
          "Type": "InMainboard",
          "Cards": ["Oath of Nissa"]
        },
        {
          "Type": "InMainboard",
          "Cards": ["Doubling Season"]
        }
      ]
    },
    {
      "Name": "PrisonTron",
      "IncludeColorInName": false,
      "Conditions": [
        {
          "Type": "OneOrMoreInMainboard",
          "Cards": ["Chalice of the Void","Pithing Needle"]
        },
        {
          "Type": "InMainboard",
          "Cards": ["Ensnaring Bridge"]
        },
        {
          "Type": "InMainboard",
          "Cards": ["Inventors' Fair"]
        },
		{
          "Type": "DoesNotContain",
          "Cards": ["Coretapper"]
        }
      ]
    }
  ]
}