{
  "Name": "UrzaOko",
  "IncludeColorInName": false,
  "Conditions": [
    {
      "Type": "InMainboard",
      "Cards": ["Urza, Lord High Artificer"]
    },
    {
      "Type": "InMainboard",
      "Cards": ["Gilded Goose"]
    },
    {
      "Type": "InMainboard",
      "Cards": ["Oko, Thief of Crowns"]
    },
    {
      "Type": "InMainboard",
      "Cards": ["Arcum's Astrolabe"]
    },
    {
      "Type": "InMainboard",
      "Cards": ["Mox Opal"]
    },
    {
      "Type": "DoesNotContain",
      "Cards": ["Sword of the Meek"]
    },
    {
      "Type": "DoesNotContain",
      "Cards": ["Paradoxical Outcome"]
    }
  ]
}