{
  "Name": "Zombies",
  "IncludeColorInName": false,
  "Conditions": [
    {
      "Type": "InMainboard",
      "Cards": ["Gravecrawler"]
    },
	{
      "Type": "DoesNotContain",
      "Cards": ["Hollow One"]
    },
	{
      "Type": "DoesNotContain",
      "Cards": ["Death's Shadow"]
    },
	{
      "Type": "DoesNotContain",
      "Cards": ["Hedron Crab"]
    }
  ],
  "Variants": [
    {
      "Name": "Zombardment",
      "IncludeColorInName": false,
      "Conditions": [
        {
          "Type": "InMainboard",
          "Cards": ["Goblin Bombardment"]
        }
      ]
    }
  ]
}