{
    "Name": "Bomberman",
    "IncludeColorInName": false,
    "Conditions": [
        {
            "Type": "InMainboard",
            "Cards": ["Walking Ballista"]
        },
        {
            "Type": "InMainboard",
            "Cards": ["Auriok Salvagers"]
        },
        {
            "Type": "InMainboard",
            "Cards": ["Karn, the Great Creator"]
        },
        {
            "Type": "InMainboard",
            "Cards": ["Urza's Saga"]
        }

    ]
}