{
    "Name": "Control",
    "IncludeColorInName": true,
    "Conditions": [
        { "Type" : "OneOrMoreInMainboard",
       "Cards" : ["Jace, the Mind Sculptor", "Narset, Parter of Veils", "Teferi, Time Raveler","Snapcaster Mage"]
        },
        {
            "Type": "InMainboard",
            "Cards": ["Force of Will"]
        },
        {
            "Type": "InMainboard",
            "Cards": ["Brainstorm"]
        },
        {
            "Type": "DoesNotContain",
            "Cards": ["Daze"]
        },
         {
            "Type": "DoesNotContain",
            "Cards": ["Stoneforge Mystic"]
        },
        {
            "Type": "DoesNotContainMainboard",
            "Cards": ["Monastery Mentor"]
        },
        {
            "Type": "DoesNotContain",
            "Cards": ["Painter's Servant"]
        },
        {
            "Type": "DoesNotContain",
            "Cards": ["Green Sun's Zenith"]
        },
        {
            "Type": "DoesNotContain",
            "Cards": ["Dragon's Rage Channeler"]
        },
        {
            "Type": "DoesNotContain",
            "Cards": ["Arclight Phoenix"]
        },  
        {
            "Type": "DoesNotContain",
            "Cards": ["Doomsday"]
        },  
        {
            "Type": "DoesNotContain",
            "Cards": ["Show and Tell"]
        },  
        {
            "Type": "DoesNotContain",
            "Cards": ["Sai, Master Thopterist"]
        }, 
        {
            "Type": "DoesNotContain",
            "Cards": ["Day's Undoing"]
        },   
        {
            "Type": "DoesNotContain",
            "Cards": ["Omnath, Locus of Creation"]
        },  
        {
            "Type": "DoesNotContain",
            "Cards": ["Aether Vial"]
        },
        {
            "Type": "DoesNotContain",
            "Cards": ["Aluren"]
        },
        {
            "Type": "DoesNotContain",
            "Cards": ["Carpet of Flowers"]
        },
        {
            "Type": "DoesNotContainSideboard",
            "Cards": ["Yorion, Sky Nomad"]
        },
        {
            "Type": "DoesNotContain",
            "Cards": ["Minsc & Boo, Timeless Heroes"]
        }
    ],
    "Variants": [
         {
            "Name": "4C Control",
            "IncludeColorInName": false,
            "Conditions": [
                {
                    "Type": "InMainboard",
                    "Cards": ["Tropical island"]
                },
		        {
            	    "Type": "DoesNotContain",
            	    "Cards": ["Green Sun's Zenith"]
        	    }
            ]
        }
    ]
}