{
    "Name": "Death & Taxes",
    "IncludeColorInName": false,
    "Conditions": [
        {
            "Type": "OneOrMoreInMainboard",
            "Cards": ["Aether Vial", "Chalice of the Void"]
        },
        {
            "Type": "InMainboard",
            "Cards": ["Wasteland"]
        },
        {
            "Type": "InMainboard",
            "Cards": ["Thalia, Guardian of Thraben"]
        },
        {
            "Type": "OneOrMoreInSideboard",
            "Cards": ["Yorion, Sky Nomad", "Deafening Silence"]
        }
        
    ]   
}