{
    "Name": "Eldrazi",
    "IncludeColorInName": false,
    "Conditions": [
        {
            "Type": "InMainboard",
            "Cards": ["Matter Reshaper"]
        },
        {
            "Type": "InMainboard",
            "Cards": ["Reality Smasher"]
        },
        {
            "Type": "InMainboard",
            "Cards": ["Thought-Knot Seer"]
        },
        {
            "Type": "InMainboard",
            "Cards": ["Eldrazi Temple"]
        },
        {
            "Type": "oneormoreinmainboard",
            "Cards": ["Walking Ballista"]
        },
        {
            "Type": "DoesNotContain",
            "Cards": ["Cloudpost"]
        }

    ]
}