{
    "Name": "Elves",
    "IncludeColorInName": false,
    "Conditions": [
        {
            "Type": "InMainboard",
            "Cards": ["Gaea's Cradle"]
        },
        {
            "Type": "InMainboard",
            "Cards": ["Wirewood Symbiote"]
        },
        {
            "Type": "OneOrMoreInMainboard",
            "Cards": ["Heritage Druid", "Elvish Visionary"]
        },
        {
            "Type": "InMainboard",
            "Cards": ["Allosaurus Shepherd"]
        }
    ]
}