{
    "Name": "High Tide",
    "IncludeColorInName": false,
    "Conditions": [
        {
            "Type": "InMainboard",
            "Cards": ["High Tide"]
        },
        {
            "Type": "InMainboard",
            "Cards": ["Cunning Wish"]
        },
        {
            "Type": "InMainboard",
            "Cards": ["Force of Will"]
        }
    ],
    "Variants": [
        {
            "Name": "Solidarity",
            "IncludeColorInName": false,
            "Conditions": [
                {
                    "Type": "InMainboard",
                    "Cards": ["Reset"]
                }
            ]
        }
    ]
}