{
    "Name": "hogaak",
    "IncludeColorInName": true,
    "Conditions": [
        {
            "Type": "InMainboard",
            "Cards": ["Hogaak, Arisen Necropolis"]
        },
        {
            "Type": "InMainboard",
            "Cards": ["Stitcher's Supplier"]
        },      
  	    {
            "Type": "InMainboard",
            "Cards": ["Altar of Dementia"]
        },
        {
            "Type": "InMainboard",
            "Cards": ["Bridge from Below"]
        }
    ]
}