{
    "Name": "Lands",
    "IncludeColorInName": false,
    "Conditions": [
        {
            "Type": "OneormoreInMainboard",
            "Cards": ["Dark Depths", "Field of the Dead", "Thespian's Stage"]
        },   
  	    {
            "Type": "InMainboard",
            "Cards": ["Exploration"]
        },
     	{
            "Type": "InMainboard",
            "Cards": ["Life from the Loam"]
        },
        {
            "Type": "DoesNotContain",
            "Cards": ["Green sun's Zenith"]
        }
    ]
}