{
    "Name": "Mono Black Helm Combo",
    "IncludeColorInName": false,
    "Conditions": [
        {
            "Type": "InMainboard",
            "Cards": ["Dauthi Voidwalker"]
        },
        {
            "Type": "InMainboard",
            "Cards": ["Helm of Obedience"]
        },
        {
            "Type": "InSideboard",
            "Cards": ["Helm of Obedience"]
        },
        {
            "Type": "InMainboard",
            "Cards": ["Leyline of the Void"]
        },
        {
            "Type": "OneOrMoreInMainboard",
            "Cards": ["Karn, the Great Creator", "Karn, Scion of Urza"]
        }
    ]
}