{
    "Name": "Selesnya Depths",
    "IncludeColorInName": false,
    "Conditions": [
        {
            "Type": "InMainboard",
            "Cards": ["Knight of the Reliquary"]
        },
        {
            "Type": "InMainboard",
            "Cards": ["Dark Depths"]
        },
        {
            "Type": "InMainboard",
            "Cards": ["Swords to Plowshares"]
        },  
        {
            "Type": "InMainboard",
            "Cards": ["Crop Rotation"]
        },
        {
            "Type": "DoesNotContain",
            "Cards": ["Thalia, Guardian of Thraben"]
        },
        {
            "Type": "DoesNotContain",
            "Cards": ["Scryb Ranger"]
        },
        {
            "Type": "DoesNotContain",
            "Cards": ["Yorion, Sky Nomad"]
        },
        {
            "Type": "DoesNotContain",
            "Cards": ["Manabond"]
        },
        {
            "Type": "DoesNotContain",
            "Cards": ["Exploration"]
        },
        {
            "Type": "DoesNotContain",
            "Cards": ["Snapcaster Mage"]
        }
       
    ]
}