{
    "Name": "UW Artifacts",
    "IncludeColorInName": false,
    "Conditions": [
        {
            "Type": "OneOrMoreInMainboard",
            "Cards": ["Teferi, Time Raveler", "Karn, the Great Creator"]
        },
        {
            "Type": "InMainboard",
            "Cards": ["Esper Sentinel"]
        },
        {
            "Type": "InMainboard",
            "Cards": ["Urza, Lord High Artificer"]
        },
        {
            "Type": "DoesNotContain",
            "Cards": ["Arcbound Ravager"]
        },
        {
            "Type": "DoesNotContain",
            "Cards": ["Painter's Servant"]
        },
        {
            "Type": "DoesNotContain",
            "Cards": ["Grindstone"]
        },
        {
            "Type": "DoesNotContain",
            "Cards": ["Auriok Salvagers"]
        },       
        {
            "Type": "DoesNotContain",
            "Cards": ["Aether Vial"]
        },       
        {
            "Type": "DoesNotContain",
            "Cards": ["Stoneforge Mystic"]
        }
    ]
}