{
    "Name": "Yorion Zenith",
    "IncludeColorInName": false,
    "Conditions": [
        {
            "Type": "InSideboard",
            "Cards": ["Yorion, Sky Nomad"]
        },
        {
            "Type": "InMainboard",
            "Cards": ["Green Sun's Zenith"]
        },
        {
            "Type": "InMainboard",
            "Cards": ["Force of Will"]
        }, 
        {
            "Type": "DoesNotContain",
            "Cards": ["Chain of Smog"]
        },
        {
            "Type": "InMainboard",
            "Cards": ["Abundant Growth"]
        },
        {
            "Type": "DoesNotContain",
            "Cards": ["Dark Depths"]
        },
        {
            "Type": "DoesNotContain",
            "Cards": ["Knight of the Reliquary"]
        },
        {
            "Type": "DoesNotContain",
            "Cards": ["Sylvan Safekeeper"]
        },
        {
            "Type": "DoesNotContain",
            "Cards": ["Aluren"]
        },
        {
            "Type": "DoesNotContain",
            "Cards": ["Narset, Parter of Veils"]
        }
    ]
}