{
    "Name": "Artifact",
    "IncludeColorInName": false,
    "Conditions": [
        {
            "Type": "TwoOrMoreInMainboard",
            "Cards": [
                "Ancient Den",
                "Seat of the Synod",
                "Vault of Whispers",
                "Great Furnace",
                "Tree of Tales",
                "Drossforge Bridge",
                "Mistvault Bridge",
                "Razortide Bridge",
                "Rustvale Bridge",
                "Silverbluff Bridge",
                "Slagwoods Bridge",
                "Tanglepool Bridge",
                "Thornglint Bridge"
            ]
        },
        {
            "Type": "TwoOrMoreInMainboard",
            "Cards": [
                "Glint Hawk",
                "Kor Skyfisher",
                "Thoughtcast",
                "Deadly Dispute",
                "Cleansing Wildfire",
                "Galvanic Blast",
                "Myr Enforcer",
                "Sojourner's Companion",
                "Frogmite"
            ]
        },    
        {
            "Type": "DoesNotContain",
            "Cards": ["Basilisk Gate"]
        },
        {
            "Type": "DoesNotContain",
            "Cards": ["Urza's Power Plant"]
        },
        {
            "Type": "DoesNotContain",
            "Cards": ["Kitchen Imp"]
        },
        {
            "Type": "DoesNotContain",
            "Cards": ["Skirk Prospector"]
        },
        {
            "Type": "DoesNotContain",
            "Cards": ["Spellstutter Sprite"]
        }           
    ],
    "Variants": [
        {
            "Name": "Affinity Agro",
            "IncludeColorInName": false,
            "Conditions": [             
                {
                    "Type" : "TwoOrMoreInMainboard",
                    "Cards": ["Carapace Forger","Gearseeker Serpent","Atog","Fling","Springleaf Drum","Ornithopter"]
                },
                {
                    "Type": "DoesNotContain",
                    "Cards": ["Kor Skyfisher"]
                }
            ]
        },
        {
            "Name": "Affinity Control",
            "IncludeColorInName": false,
            "Conditions": [
                {
                    "Type" : "OneOrMoreInMainboard",
                    "Cards": ["Kenku Artificer","Krark-Clan Shaman"]
                },
                {
                    "Type" : "InMainboard",
                    "Cards": ["Reckoner's Bargain"]
                },                
                {
                    "Type" : "InMainboard",
                    "Cards": ["Makeshift Munitions"]
                },
                {
                    "Type" : "InMainboard",
                    "Cards": ["Chromatic Star"]
                }                
            ]
        },
        {
            "Name": "Boros Metalcraft",
            "IncludeColorInName": false,
            "Conditions": [
                {
                    "Type": "TwoOrMoreInMainboard",
                    "Cards": ["Glint Hawk","Thraben Inspector","Kor Skyfisher"]
                },
                {
                    "Type" : "InMainboard",
                    "Cards": ["Lightning Bolt"]
                },
                {
                    "Type" : "DoesNotContain",
                    "Cards": ["Experimental Synthesizer"]
                }
            ]
        },
        {
            "Name": "Boros Synthesizer",
            "IncludeColorInName": false,
            "Conditions": [
                {
                    "Type": "TwoOrMoreInMainboard",
                    "Cards": ["Glint Hawk","Thraben Inspector","Kor Skyfisher"]
                },
                {
                    "Type" : "InMainboard",
                    "Cards": ["Lightning Bolt"]
                },
                {
                    "Type" : "InMainboard",
                    "Cards": ["Experimental Synthesizer"]
                }
            ]
        },
        {
            "Name": "Jeskai Wildfire",
            "IncludeColorInName": false,
            "Conditions": [
                {
                    "Type": "InMainboard",
                    "Cards": ["Cleansing Wildfire"]
                },
                {
                    "Type": "OneOrMoreInMainboard",
                    "Cards": ["Counterspell","Lose Focus"]
                },
                {
                    "Type": "OneOrMoreInMainboard",
                    "Cards": ["Mulldrifter","Augur of Bolas"]
                }                
            ]
        }
    ]
}