{
    "Name": "Blink",
    "IncludeColorInName": false,
    "Conditions": [
        {
            "Type" : "OneOrMoreInMainboard",
            "Cards": ["Ephemerate","Ghostly Flicker"]
        },
        {
            "Type" : "DoesNotContain",
            "Cards": ["Urza's Power Plant"]
        },
        {
            "Type" : "DoesNotContain",
            "Cards": ["Basilisk Gate"]
        },
        {
            "Type" : "DoesNotContain",
            "Cards": ["Tireless Tribe"]
        },
        {
            "Type" : "DoesNotContain",
            "Cards": ["Spellstutter Sprite"]
        },
        {
            "Type": "DoesNotContain",
            "Cards": ["Overgrown Battlement"]
        },
        {
            "Type": "DoesNotContain",
            "Cards": ["Glint Hawk"]
        },
        {
            "Type": "DoesNotContain",
            "Cards": ["Galvanic Blast"]
        }
    ],
    "Variants" : [
        {
            "Name": "Familiars",
            "IncludeColorInName": false,
            "Conditions": [
                {
                    "Type": "InMainboard",
                    "Cards": ["Sunscape Familiar"]
                },
                {
                    "Type": "TwoOrMoreInMainboard",
                    "Cards": ["Mulldrifter","Archaeomancer","God-Pharaoh's Faithful"]
                }
            ]
        },
        {
            "Name": "Orzhov Ephemerate",
            "IncludeColorInName": false,
            "Conditions": [
                {
                    "Type": "TwoOrMoreInMainboard",
                    "Cards": ["Orzhov Basilica","Radiant Fountain","Scoured Barrens","Bojuka Bog","Kabira Crossroads"]
                },
                {
                    "Type": "TwoOrMoreInMainboard",
                    "Cards": ["Dawnbringer Cleric","Inspiring Overseer","Lone Missionary"]
                },
                {
                    "Type": "OneOrMoreInMainboard",
                    "Cards": ["Cast Down","Doom Blade"]
                }                
            ]
        }
    ]
}

