{
    "Name": "Bully",
    "IncludeColorInName": false,
    "Conditions": [
        {
            "Type": "OneOrMoreInMainboard",
            "Cards": ["Seeker of the Way","Squadron Hawk","Palace Sentinels","Guardian of the Guildpact"]
        },
        {
            "Type": "InMainboard",
            "Cards": ["Prismatic Strands"]
        },
        {
            "Type": "InMainboard",
            "Cards": ["Battle Screech"]
        },        
        {
            "Type": "InMainboard",
            "Cards": ["Rally the Peasants"]
        },
        {
            "Type" : "DoesNotContain",
            "Cards": ["Basilisk Gate"]
        },
        {
            "Type" : "DoesNotContain",
            "Cards": ["Tireless Tribe"]
        },
        {
            "Type" : "DoesNotContain",
            "Cards": ["Galvanic Blast"]
        }
    ]
}