{
    "Name": "Burn",
    "IncludeColorInName": false,
    "Conditions": [
        {
            "Type" : "OneOrMoreInMainboard",
            "Cards": ["Monastery Swiftspear","Thermo-Alchemist"]
        },
        {
            "Type" : "TwoOrMoreInMainboard",
            "Cards": ["Chain Lightning","Needle Drop","Fireblast","Lava Spike","Searing Blaze"]
        },
        {
            "Type" : "DoesNotContain",
            "Cards": ["Glint Hawk"]
        },
        {
            "Type" : "DoesNotContain",
            "Cards": ["Kitchen Imp"]
        }
    ],
    "Variants": [
        {
            "Name": "Kuldotha Burn",
            "IncludeColorInName": false,
            "Conditions": [
                {
                    "Type": "InMainboard",
                    "Cards": ["Kuldotha Rebirth"]
                },
                {
                    "Type": "InMainboard",
                    "Cards": ["Great Furnace"]
                }
            ]
        }
    ]
}