{
    "Name": "Faeries",
    "IncludeColorInName": true,
    "Conditions": [
        {
            "Type": "OneOrMoreInMainboard",
            "Cards": ["Faerie Seer","Faerie Miscreant"]
        },
        {
            "Type": "InMainboard",
            "Cards": ["Spellstutter Sprite"]
        },
        {
            "Type": "OneOrMoreInMainboard",
            "Cards": ["Ninja of the Deep Hours","Moon-Circuit Hacker"]
        },
        {
            "Type": "DoesNotContain",
            "Cards": ["Basilisk Gate"]
        }
    ]
}