{
    "Name": "Madness",
    "IncludeColorInName": false,
    "Conditions": [
        {
            "Type" : "InMainboard",
            "Cards": ["Fiery Temper"]
        },
        {
            "Type" : "InMainboard",
            "Cards": ["Faithless Looting"]
        },
        {
            "Type" : "DoesNotContain",
            "Cards": ["Rancor"]
        }
    ],
    "Variants": [
        {
            "Name": "RB Madness",
            "IncludeColorInName": false,
            "Conditions": [
                {
                    "Type" : "OneOrMoreInMainboard",
                    "Cards": ["Kitchen Imp","Reckless Wurm"]
                },
                {
                    "Type" : "OneOrMoreInMainboard",
                    "Cards": ["Alms of the Vein","Lightning Axe"]
                }
            ]
        },
        {
            "Name": "RG Madness",
            "IncludeColorInName": false,
            "Conditions": [
                {
                    "Type" : "InMainboard",
                    "Cards": ["Basking Rootwalla"]
                },
                {
                    "Type" : "InMainboard",
                    "Cards": ["Arrogant Wurm"]
                }
            ]
        }
    ]
}