{
    "Name": "Ramp",
    "IncludeColorInName": false,
    "Conditions": [
        {
            "Type": "OneOrMoreInMainboard",
            "Cards": ["Annoyed Altisaur","Avenging Hunter","Crimson Fleet Commodore"]
        },
        {
            "Type": "OneOrMoreInMainboard",
            "Cards": ["Llanowar Visionary","Arbor Elf","Utopia Sprawl"]
        },
        {
            "Type": "InMainboard",
            "Cards": ["Sarulf's Packmate"]
        },
        {
            "Type": "DoesNotContain",
            "Cards": ["Cleansing Wildfire"]
        }

    ]
}