{
    "Name": "Tireless Tribe",
    "IncludeColorInName": false,
    "Conditions": [
        {
            "Type" : "InMainboard",
            "Cards": ["Tireless Tribe"]
        },
        {
            "Type" : "InMainboard",
            "Cards": ["Inside Out"]
        },
        {
            "Type" : "DoesNotContain",
            "Cards": ["Basilisk Gate"]
        },
        {
            "Type" : "DoesNotContain",
            "Cards": ["Spellstutter Sprite"]
        }
    ]
}

