{
    "Name": "Walls Combo",
    "IncludeColorInName": false,
    "Conditions": [
        {
            "Type": "InMainboard",
            "Cards": ["Overgrown Battlement"]
        },
        {
            "Type": "InMainboard",
            "Cards": ["Axebane Guardian"]
        }
    ],
    "Variants": [
        {
            "Name": "Walls Cascade",
            "IncludeColorInName": false,
            "Conditions": [
                {
                    "Type": "OneOrMoreInMainboard",
                    "Cards": ["Annoyed Altisaur","Boarding Parting"]
                }
            ]
        }
    ]
}